use studio;
Insert into `Director` (id_director, nombre, apellido, fecha_nacimiento, nacionalidad)
Values (1, 'Hayao', 'Miyazaki', '1941-01-05', 'Japonesa'),
(2, 'Isao', 'Takahata', '1935-10-29', 'Japonesa'),
(3, 'Hiromasa', 'Yonebayashi', '1973-07-10', 'Japonesa'),
(4, 'Gorō', 'Miyazaki', '1967-01-21', 'Japonesa'),
(5, 'Hiroyuki', 'Morita', '1964-06-26', 'Japonesa'),
(6, 'Tomomi', 'Mochizuki', '1958-12-31', 'Japonesa'),
(7, 'Yoshifumi', 'Kondo', '1950-03-31', 'Japonesa');



Insert into Estudio(id_estudio, nombre, fecha_fundacion, ubicacion) 
VALUES (1, 'Studio Ghibli', '1985-06-15', 'Koganei, Tokyo, Japan');


insert into Actor_voz (nombre, Apellido, id_actor)
values	('Midred', 'Barrera', 1),
		('Moises','Palacios',2),
        ('Hector','Miranda',3),
        ('Juan','Alfonso Carralero',4),
        ('Mariana','Filio',5),
        ('Gabriel','Ortiz',6),
        ('Eduardo','Fonseca',7),
        ('Gerardo','Garcia',8),
        ('Magda','Giner',9),
        ('Monica','Estrada',10),
        ('Hugo','Rodriguez',11),
        ('Azucena','Martinez',12),
        ('Guillermo','Rojas',13),
        ('Rafael','Rivera',14),
        ('Jahel','Morga',15),
        ('Angelica','Villa',16),
        ('Carlos','Enrique Bonilla',17),
        ('Diana','Pérez',18),
        ('Love','Santini','19'),
        ('Juan','Alfonso Carralero', 20),
        ('Angela','Villanueva', 21),
        ('Cristina','Hernández', 22),
        ('Enzo','Fortuny', 23),
        ('Mario' ,'Filio', 24),
        ('Pilar', 'Escandón', 25),
        ('Fernanda','Morales', 26),
        ('Katalina','Múzquiz', 27),
        ('Enrique','Maderos', 28),
        ('Guadalupe','Noel', 29),
        ('Nelly','Horsman', 30),
        ('Cesar','Arias',31),
        ('Elsa','Covián', 32),
        ('Diana','Santos', 33),
        ('Circe','Luna', 34),
        ('Daniel','Abundis', 35),
        ('Victor','Kuri',36),
        ('Carlos','Becerril',37),
        ('Clemen','Larumbe',38),
        ('Marisol','Castro',39),
        ('Erik','Osorio',40),
        ('Desirée','Sandoval',41),
        ('Patricia','Mainou',42),
        ('Hector','Rocha',43),
        ('Linda','Herold',44),
        ('Carlos ','del Campo',45),
        ('Alan','Miro',46),
        ('Rocio','Castro',47),
        ('Rocio','Prado',48),
        ('Salvador','Delgado',49),
        ('Adrian','Forgaty',50),
        ('Bardo','Miranda',51),
        ('Carlos','Diaz',52),
        ('Jorge','Santos',53),
        ('Luis','Alfonso Pandilla',54),
        ('Rossy','Aguirre',55),
        ('Mario','Hernandes',56),
        ('Gustavo','Carrillo',57),
        ('Jorge','Ornelas',58),
        ('Bernardo','Rodriguez',59),
        ('Benjamin','Rivera',60),
        ('Alejandro','Villeli',61),
        ('Jorge','Sanches',62),
        ('Carlos','Magaña',63),
        ('Juan Alfonso','Arenas',64),
        ('Desirée','Álvarez',65),
        ('Diego','Del Arco',66),
        ('César','Martín',67),
        ('Alexia','Lorrio',68),
        ('Elena','Jiménez',69),
        ('Iñigo','Del Hoyo',70),
        ('Juan','Navarro Torelló',71),
        ('Veronica','Llaneza mielgo',72),
        ('Diana','Torres',73),
        ('Àngel','Coomonte',74),
        ('Ivàn','De pedro',75),
        ('Maria','Genzor',76),
        ('Marta','Gorriz',77),
        ('Carlos','Larios',78),
        ('Jara','Luna',79),
        ('Jorge','Peña',80),
        ('Eugenio','Roldan',81),
        ('Luis Miguel','Cajal',82),
        ('Pilar','Coronado',83),
        ('Roberto','Cuenca Martìnez',84),
        ('Jordi','Estupiña',85),
        ('Idoia','Fernandez',86),
        ('Fran','Jimenez',87),
        ('Alfonso','Laguna',88),
        ('Marisa','Marco',89),
        ('Francisco Javier','Martinez',90),
        ('Luis','Mas',91),
        ('Eduardo','Moreno',92),
        ('Jesùs','Pinillos',93),
        ('Fernando','Serna',94),
        ('Pedro','Tena',95),
        ('Maria Jesùs','Varona',96),
        ('Emma','Cifuentes',97),
        ('Marta','Garcia Garcia',98),
        ('Victor','Gonzales Fraile',99),
        ('Alfonso','Mendiguchia',100),
        ('Borja','Peña',101),
        ('Sonia','Vazquez',102),
        ('Desirèe','Sandoval',103),
        ('Arturo',' Sian Vidal',104),
        ('Mario ','Hernández',105),
        ('Patricia ','Mainou',106),
        ('Bernardo ','Rodríguez',107),
        ('Marisol ','Castro',108),
        ('Panillos', 'Jesús', 109),
		('Luis', 'Más',110),
		('Jesús María', 'Varona',111),
		('Desirée', 'Sandoval',112),
		('Luis Leonardo', 'Suárez',113),
		('Harumi', 'Nishizawa',114),
		('Adriana', 'Casas',115),
		('Héctor', 'Lee',116),
		('Maru', 'Guzmán',117),
		('Víctor Hugo', 'Aguilar',118),
		('Pamela', 'Cruz',119),
		('Daniel', 'Lacy',120),
		('Amellalli', 'Guevara',121),
		('Paco', 'Mauri',122),
		('César', 'Garduza',123),
		('Julián', 'Lavat',124),
		('Rafael', 'Escalante',125),
		('Esteban', 'Desco',126),
		('Lorena', 'Cantú',127),
		('Daniel', 'Valladares',128),
		('Varenka', 'Carrillo',129),
		('Alan', 'Velázquez',130),
		('Jessica', 'Ángeles',131),
		('Humberto', 'Vélez',132),
		('Jorge', 'Palafox',133),
		('Monserrat', 'Aguilar',134),
		('Roberto', 'Carrillo',135),
		('Alan', 'Prieto',136),
		('Gerardo', 'Reyero',137),
		('Eduardo', 'Tejedo',138),
		('Bernardo', 'Ezeta',139),
		('Pedro D.Aguillón', 'Jr',140),
		('Mariela', 'Álvarez',141),
		('Luciana', 'Falcón',142),
		('Sebastián', 'Costa',143),
		('Diego', 'Brizzi',144),
		('Mariano', 'Chiesa',145),
		('Emiliano', 'Dionisi',146),
		('Mario', 'De Candia',147),
		('Silvia', 'Aira',148),
		('Alejandra', 'Bacciato',149),
		('Ricardo', 'Alanis',150),
		('Karina', 'Altamirano',151),
		('Jared', 'Mendoza',152),
        ('Ana Ángeles', 'García',153),
		('Ana Teresa', 'Ávila',154),
		('Rebeca', 'Manríquez',155),
		('Liliana', 'Barba',156),
		('Susana', 'Moreno',157),
        ('Susana', 'Romero',158),
		('Gerardo', 'Vásquez',159),
		('Marc', 'Winslow',160),
		('Alejandro', 'Mayén',161),
		('Karen', 'Vallejo',162),
		('Lourdes', 'Arruti',163),
		('Martha', 'Rave',164),
		('Karla', 'Vega',165),
		('Hugo', 'Núñez',166),
		('Isabel', 'Romo',167),
		('Noriko',null,168),
		('Vivian', 'Magos',169),
		('Ruben', 'León',170),
		('Óscar', 'López',171),
		('Eleazar', 'Muñoz',172),
		('Joaquín', 'López',173),
		('Dolores', 'Mondragón',174),
		('Fernanda', 'Gastélum',175),
		('Aldo', 'Hernández',176),
		('Alberto', 'Jiménez',177),
		('Cristina', 'Yuste',178),
		('Pepa', 'Castro',179),
		('Abraham', 'Aguilar',180),
		('Jazmín', 'Abuin',181),
		('Maria', 'Blanco',182),
		('Amparo', 'Bravo',183),
		('Raúl', 'Rojo',184),
		('Eduardo', 'Gutiérrez',185),
		('Mayte', 'Mira',186),
		('Andrea', 'Alzuri',187),
        ('Adriana','Rodriguez',188),
        ('Madgalena','Leonel',189),
		('Jesús', 'Pérez Benito',190 ),
		('Arturo', 'Castañeda Mendoza', 191),
		('María', 'Santander', 192),
		('Miguel Ángel', 'Ruiz', 193),
		('Eugenia', 'Guzmán', 194),
        ('Ferso','Velásquez',195),
        ('Romina','Marroquin Payro',196),
        ('Marco','Guerrero',197),
        ('Ciemen','Larumbe',198),
        ('Kerygma','Flores',199),
        ('Ismael','Castro',200),
        ('Irene','Jiménes',201),
        ('Miguel','Ángel Ghigliazza',202),
        ('Lucila','Gomez',203),
        ('Sol','Nieto',204),
        ('Marcelo','Armand',205),
        ('Valeria','Gomez',206),
        ('Livia','Fernán',207),
        ('Ariel','Cister',208),
        ('Mirma','Fonseca',209),
        ('Natalia','Rosminati',210),
        ('Jocelyn','Robles',211),
        ('Arturo','Cataño',212),
        ('Cecilia','Gomez',213),
        ('Manuel','Campuzano',214),
        ('Alan','Garcia',215),
        ('Urike','Aragón',216),
        ('Daniela','Benítez',217),
        ('Viviana','Armas',218),
        ('Yanelly','Sandoval',219),
        ('Luis','Tenorio',220),
        ('Ismael','Larumbe',221),
        ('Rafael','Rivera',222),
        ('Alan','Miró',223),
        ('Rafael','Quijano',224),
        ('Maria','Jose Moreno',225),
        ('Mariana','Gómez',226),
        ('Analiz','Sanchez',227),
        ('Salvador','Nájar',228),
        ('Ricardo','Bautista',229),
        ('Patricia','Bolaños',230),
        ('Gerardo','del Valle',231),
         ('Noe', 'Velazquez', 232),
        ('Pilar', 'Martin', 233),
        ('Chelo','Molina',234),
        ('Oscar','Castellanos',235),
        ('Chema','Lara',236),
        ('Sergio','Garcia Martin',237),
        ('Fernando','Hernandez',238),
        ('Milagros','Fernandez',239),
        ('Rafael','Azcarraga',240),
         ('Javier','Franquelo',241);


--  EL PROGRAMA USADO  EN TODOS LOS INSERT DE PELÍCULAS

Insert into peliculas (id_pelicula, id_estudio, id_director, nombre, fecha_estreno, fecha_creacion, Duracion, genero, presupuesto, calificacion, Programa_stilo) 
VALUES (1, 1, 5, 'Haru el reino de los gatos', '2002-07-19', '2002-01-15', '120 minutos', 'Animación/Fantasía', 50000000, 8.5, 'Software1'),
  (2, 1, 4, 'Cuentos de terramar', '2006-07-29', '2006-02-10', '115 minutos', 'Animación/Aventura', 60000000, 7.8, 'Software2'),
  (3, 1, 1, 'Totoro', '1988-04-16', '1987-09-01', '86 minutos', 'Animación/Familia', 30000000, 8.3, 'Software3'),
  (4, 1, 1, 'Ponyo', '2008-07-19', '2008-03-02', '101 minutos', 'Animación/Fantasía', 70000000, 7.9, 'Software4'),
  (5, 1, 6, 'Puedo escuchar el mar', '1993-05-05', '1992-10-15', '72 minutos', 'Animación/Drama', 25000000, 7.6, 'Software5'),
  (6, 1, 3, 'Arrietty y el mundo de los diminutos', '2010-07-17', '2010-02-05', '94 minutos', 'Animación/Aventura', 45000000, 7.7, 'Software6'),
  (7, 1, 4, 'La colina de las amapolas', '2011-07-16', '2011-02-10', '91 minutos', 'Animación/Drama', 47000000, 7.8, 'Software7'),
  (8, 1, 1, 'El viento se levanta', '2013-07-20', '2013-03-02', '126 minutos', 'Animación/Drama', 62000000, 8.0, 'Software8'),
  (9, 1, 2, 'El cuento de la princesa Kaguya', '2013-11-23', '2013-09-01', '137 minutos', 'Animación/Drama', 67000000, 8.2, 'Software9'),
  (10, 1, 2, 'Pompoko', '1994-06-13', '1994-01-05', '119 minutos', 'Animación/Comedia', 35000000, 7.4, 'Software10'),
  (11, 1, 3, 'El recuerdo de Marnie', '2014-07-19', '2014-01-15', '103 minutos', 'Animación/Drama', 55000000, 8.1, 'Software11'),
  (12, 1, 1, 'El castillo en el cielo ', '1986-08-02', '1986-02-10', '125 minutos', 'Animación/Aventura', 60000000, 8.0, 'Software12'),
  (13, 1, 1, 'Kiki la aprendiz de bruja', '1989-07-29', '1989-02-05', '102 minutos', 'Animación/Aventura', 50000000, 7.9, 'Software13'),
  (14, 1, 1, 'Porco Rosso', '1992-07-18', '1992-01-15', '94 minutos', 'Animación/Aventura', 48000000, 7.8, 'Software14'),
  (15, 1, 1, 'Nausicaä del valle del viento', '1984-03-11', '1983-09-01', '117 minutos', 'Animación/Aventura', 45000000, 8.1, 'Software15'),
  (16, 1, 2, 'La tumba de las luciérnagas', '1988-04-16', '1988-02-10', '89 minutos', 'Animación/Drama', 35000000, 8.5, 'Software16'),
  (17, 1, 2, 'Recuerdos del ayer', '1991-07-20', '1991-03-02', '118 minutos', 'Animación/Drama', 47000000, 8.2, 'Software17'),
  (18, 1, 7, 'Susurros del corazón', '1995-07-15', '1995-01-15', '111 minutos', 'Animación/Drama', 50000000, 8.0, 'Software18'),
  (19, 1, 1, 'La princesa Mononoke', '1997-07-12', '1997-02-10', '134 minutos', 'Animación/Aventura', 80000000, 8.4, 'Software19'),
  (20, 1, 2, 'Mis vecinos Yamada', '1999-07-17', '1999-02-05', '104 minutos', 'Animación/Comedia', 55000000, 7.7, 'Software20'),
  (21, 1, 1, 'El viaje de Chihiro', '2001-07-20', '2001-03-02', '125 minutos', 'Animación/Fantasía', 90000000, 8.6, 'Software21'),
  (22, 1, 1, 'El castillo ambulante', '2004-09-05', '2004-04-01', '119 minutos', 'Animación/Aventura', 70000000, 8.2, 'Software22'),
  (23, 1, 4, 'Earwig y la bruja', '2020-12-30', '2020-08-15', '82 minutos', 'Animación/Fantasía', 60000000, 6.0, 'Software23');


Insert into Personajes(id_personaje, id_pelicula, Nombre)
Values 
(1, 2, 'Príncipe Arren / Lebannen'),
(2, 2, 'Therru/Tehanu'),
(3, 2, 'Gavilán'),
(4, 2, 'Tenar'),
(5, 2, 'Cob (Lord Araña)'),
(6, 2, 'Hare'),
(7, 2, 'Rey'),
(8, 2, 'La reina'),
(9, 2, 'Vendedor de Hazia'), 
(10, 3, 'Satsuki Kusakabe'),
(11, 3, 'Mei Kusakabe'),
(12, 3, 'Tatsuo Kusakabe'),
(13, 3, 'Yasuko Kusakabe'),
(14, 3, 'Kanta Ogaki'),
(15, 3, 'Nanny/Abuela'),
(16, 3, 'Padre de Kanta'),
(17, 3, 'Rõba'),
(18, 3, 'Madre de Kanta'),
(19, 3, 'Labrador'),
(20, 3, 'Hombre del tractor'),
(21, 3, 'Mujer del tractor'),
(22, 3, 'Profesora'),
(23, 3, 'Boletera de autobús'), 
(24, 4, 'Ponyo'),
(25, 4, 'Sosuke'),
(26, 4, 'Lisa'),
(27, 4, 'Fujimoto'),
(28, 4, 'Madre Naturaleza/Granmamare'),
(29, 4, 'Koichi'),
(30, 4, 'Yoshie'),
(31, 4, 'Toki'),
(32, 4, 'Noriko'),
(33, 4, 'Kayo'),
(34, 4, 'Kumiko'),
(35, 5, 'Taku Morisaki'),
(36, 5, 'Rikako Muto'),
(37, 5, 'Yutaka Matsuno'),
(38, 5, 'Tadashi Yamao'),
(39, 5, 'Akiko Shimizu'),
(40, 5, 'Yumi Kohama'),
(41, 5, 'Okada'),
(42, 5, 'Kawamura'),
(43, 5, 'Kiyomizu'),
(44, 5, 'Ariga'),
(59, 6, 'Arriety'),
(45, 6, 'Shō'),
(46, 6, 'Homily'),
(47, 6, 'Pod'),
(48, 6, 'Sadako Maki'),
(49, 6, 'Spiller'),
(50, 6, 'Haru'), 
(51, 7, 'Umi Matsuzaki'),
(52, 7, 'Shun Kazama'),
(53, 7, 'Shiro Mizunuma'),
(54, 7, 'Sora Matsuzaki'),
(55, 7, 'Hana Matsuzaki'),
(56, 7, 'Yuichiro Sawamura'),
(57, 7, 'Ryoko Matsuzaki'),
(58, 7, 'Riku Matsuzaki'),
(60, 7, 'Miki Hokuto'),
(61, 7, 'Yoshio Onodera'),
(62, 7, 'Akio Kazama'),
(63, 7, 'Director Tokumaru'),
(64, 7, 'Sachiko Hirokouji'),
(65, 7, 'Nobuko Yokoyama'),
(66, 8, 'Jiro Horikoshi'),
(67, 8, 'Naoko Satomi'),
(68, 8, 'Kiro Honjo'),
(69, 8, 'Kurokawa'),
(70, 8, 'Giovanni Battista Caproni'),
(71, 8, 'Hattori'),
(72, 8, 'Satomi'),
(73, 8, 'Castorp'),
(74, 8, 'Kayo Horikoshi'),
(75, 8, 'Madre de Jirō'),
(76, 8, 'Sra. Kurokawa'), 
(77, 9, 'Princesa Kaguya'),
(78, 9, 'Leñador de bambú'),
(79, 9, 'Sutemaru'),
(80, 9, 'Sagami'),
(81, 9, 'Akita'),
(82, 9, 'Consejero Isonokami'), 
(83, 10, 'Sōkichi'),
(84, 10, 'Reverendo Tsurukame'),
(85, 10, 'Abuela Oroku'),
(86, 10, 'Gonta'),
(87, 10, 'Ryutaro'),
(88, 10, 'Okiyo'),
(89, 10, 'Ponkichi'),
(90, 10, 'Tamasaburo'),
(91, 10, 'Koharu'),
(92, 10, 'Yamashino Hage'),
(93, 10, 'Otama'),
(94, 10, 'Bunta'),
(95, 10, 'Kincho Daimyojin'),
(96, 10, 'Sasuke'),
(97, 10, 'Seizaemon'), 
(98, 11, 'Anna Sasaki'),
(99, 11, 'Marnie'),
(100, 11, 'Hisako'),
(101, 11, 'Setsu Oiwa'),
(102, 11, 'Kiyomasa Oiwa'),
(103, 11, 'Yoriko Sasaki'),
(104, 11, 'Sayaka'),
(105, 11, 'Nanny'),
(106, 11, 'Nobuyo Kadoya'),
(107, 11, 'Sra. Kadoya'),
(108, 11, 'Toichi'),
(109, 11, 'Dr. Yamashita'),
(110, 11, 'Kazuhiko'),
(111, 11, 'Padre de Marnie'),
(112, 11, 'Madre de Marnie'),
(113, 11, 'Emily'),
(114, 11, 'Miyoko'),
(115, 11, 'Maestro de arte'),
(116, 12, 'Sheeta'),
(117, 12, 'Pazu'),
(118, 12, 'Muska'),
(119, 12, 'Mamá Dola'),
(120, 12, 'General Shogun Mōro'),
(121, 12, 'Charles'),
(122, 12, 'Louis'),
(123, 12, 'Henri'),
(124, 12, 'Tío Pom'),
(125, 12, 'Motro'), 
(126, 13, 'Kiki'),
(127, 13, 'Koppori Tombo'),
(128, 13, 'Jiji'),
(129, 13, 'Osono'),
(130, 13, 'Úrsula'),
(131, 13, 'Kokiri (mamá de Kiki)'),
(132, 13, 'Okino (papá de Kiki)'),
(133, 13, 'Madame'),
(134, 13, 'Barsa'),
(135, 13, 'Madame Dora'),
(136, 13, 'Ket'),
(137, 13, 'Anciano en torre'),
(138, 13, 'Locutor en radio'),
(139, 13, 'Joven bruja'),
(140, 13, 'Nieta de Madame'),
(141, 13, 'Madre de Ket'),
(142, 13, 'Maki (tía de Ket)'),
(143, 13, 'Padre de Ket / Ketto'), 
(144, 14, 'Porco Rosso/ Marco Pagot'),
(145, 14, 'Fio Piccolo'),
(146, 14, 'Madame Gina'),
(147, 14, 'Señor Piccolo'),
(148, 14, 'Donald Curtis'),
(149, 14, 'Jefe Mamma Aiuto'),
(150, 14, 'Comandante Ferrarin'),
(151, 14, 'Voz en teléfono'),
(152, 14, 'Niña'),
(153, 14, 'Hombres de Mamma Aiuta'),
(154, 14, 'Capitán del barco'),
(155, 14, 'Jefe de la Union'),
(156, 14, 'Hombre de la Union'),
(157, 14, 'Reportero'),
(158, 14, 'Hombre del banco'),
(159, 14, 'Vendedores de armas'),
(160, 14, 'Vendedor'),
(161, 14, 'Ancianos'), 
(162, 15, 'Princesa Nausicaä'),
(163, 15, 'Maestro Yupa Miralda'),
(164, 15, 'Mito'),
(165, 15, 'Rey Jihl'),
(166, 15, 'Princesa Kushana'),
(167, 15, 'Príncipe Asbel de Pejite'),
(168, 15, 'Kurotowa'),
(169, 15, 'Mayor de Pejite'),
(170, 15, 'Obaba'),
(171, 15, 'Lastelle'),
(172, 15, 'Madre de Asbel y Lastelle'),
(173, 15, 'Narración'), 
(174, 16, 'Seita'),
(175, 16, 'Setsuko'),
(176, 16, 'Madre'),
(177, 16, 'Tía'),
(178, 16, 'Doctor'),
(179, 16, 'Capitán de policía'), 
(180, 17, 'Taeko Okajima'),
(181, 17, 'Toshio'),
(182, 17, 'Naoko'),
(183, 17, 'Madre de Taeko'),
(184, 17, 'Padre de Taeko'),
(185, 17, 'Abuela de Taeko'),
(186, 17, 'Nanako Okajima'),
(187, 17, 'Yaeko Okajima'),
(188, 17, 'Tsuneko Tani'),
(189, 17, 'Aiko'),
(190, 17, 'Omar'),
(191, 17, 'Insertos'),
(192, 17, 'Suzuki'),
(193, 17, 'Shuji Hirota'),
(194, 17, 'Rie'),
(195, 18, 'Shizuku Tsukishima'),
(196, 18, 'Seiji Amasawa'),
(197, 18, 'Shiro Nishi'),
(198, 18, 'Asako Tsukishima'),
(199, 18, 'Seiya Tsukishima'),
(200, 18, 'Shiho Tsukishima'),
(201, 18, 'Baron Humbert Von Gikkingen'),
(202, 18, 'Yuko Harada'),
(203, 18, 'Sugimura'),
(204, 18, 'Señorita Kosaka'),
(205, 18, 'Señor Kimura'),
(206, 19, 'Ashitaka'),
(207, 19, 'San'),
(208, 19, 'Dama Eboshi'),
(209, 19, 'Jiko-bo'),
(210, 19, 'Moro'),
(211, 19, 'Gonza'),
(212, 19, 'Toki'),
(213, 19, 'Kōroku'),
(214, 19, 'Señor Okkoto'),
(215, 19, 'Hi-Sama'),
(216, 19, 'Kaya'),
(217, 19, 'Ji Anciano'),
(218, 19, 'Anciano Emishi'),
(219, 19, 'Trabajadores'),
(220, 19, 'Simios'),
(221, 19, 'Hombre de Shishou Ren'),
(222, 20, 'Takashi Yamada, el padre'),
(223, 20, 'Matsuko Yamada, la madre'),
(224, 20, 'Noboru Yamada, el hijo mayor'),
(225, 20, 'Nonoko Yamada, la hija menor'),
(226, 20, 'Shige Yamano, la abuela'),
(227, 20, 'Narrador'),
(228, 21, 'Chihiro Ogino / Sen'),
(229, 21, 'Haku'),
(230, 21, 'Yubaba'),
(231, 21, 'Zeniba'),
(232, 21, 'Lin'),
(233, 21, 'Kamaji'),
(234, 21, 'Akio Ogino'),
(235, 21, 'Yugo Ogino'),
(236, 21, 'Boh'),
(237, 21, 'Sin Cara'),
(238, 21, 'Chichiyaku'),
(239, 21, 'Aniyaku'),
(240, 21, 'Bandai-gaeru'),
(241, 21, 'Yunas'),
(242, 21, 'Espíritu del Río'),
(243, 21, 'Aogaeru'),
(244, 22, 'Sophie'),
(245, 22, 'Howl'),
(246, 22, 'Calcifer'),
(247, 22, 'Markl'),
(248, 22, 'Bruja Calamidad'),
(249, 22, 'Madame Suliman'),
(250, 22, 'Honey'),
(251, 22, 'Lettie'),
(252, 22, 'Rey de Ingary'),
(253, 22, 'Príncipe Justin'),
(254, 22, 'Alcalde'),
(255, 23, 'Erica Wig'),
(256, 23, 'Bella'),
(257, 23, 'Mandrágora'),
(258, 23, 'Thomas'),
(259, 23, 'Scarlett Wig'),
(260, 23, 'Sr. Jenkins'),
(261, 23, 'Matronal'),
(262, 23, 'Custard'),
(263, 23, 'Phyllis'),
(264, 23, 'Sally'),
(265, 23, 'Thelma'),
(266, 23, 'Chef'),
(267, 23, 'Cocinera'),
(268, 23, 'Earwig and Witch'),
(269, 23, 'Insertos'),
(270, 1 , 'Haru Yoshioka'),
(271, 1 , 'Baron Humbert von Gikkingen'),
(272, 1, 'Hiromi'),
(273, 1,  'Natori'),
(274, 1, 'Natoru'),
(275, 1, 'Muta'),
(276, 1, 'Yuki'),
(277, 1, 'Príncipe Lune'),
(278, 1, 'Toto'),
(279, 1, 'Rey de los gatos'),
(280, 1, 'Naoko Yoshioka'),
(281, 1,'Profesor'),
(282, 1, 'Anciana'),
(283, 1, 'Chika'),
(284, 1, 'Machida');

insert into personaje_voz(id_actor, id_personaje)
-- llenado de diego
values		(141,270),
			(144,271),
            (142,272),
            (143,273),
            (144,274),
            (145,275),
            (142,276),
            (146,277),
            (null,278),
            (null,279),
            (148,280),
            (145,281),
            (149,282),
            (148,283),
            (146,284),
            (195,1),
            (196,2),
            (197,3),
            (198,4),
            (199,5),
            (6,6),
            (200,7),
            (201,8),
            (202,9),
            -- 
            (15,10),
            (16,11),
            (17,12),
            (18,13),
            (18,14),
            (19,15),
            (20,16),
            (21,17),
            (null,18),
            (20,19),
            (20,20),
            (19,21),
            (18,22),
            (null,23),
            -- 4
            (203,24),
            (204,25),
            (142,26),
            (205,27),
            (206,28),
            (144,29),
            (207,30),
            (208,31),
            (148,32),
            (209,33),
            (210,34),
            -- 5
            (64,35),
            (65,36),
            (66,37),
            (67,38),
            (68,39),
            (69,40),
            (70,41),
            (71,42),
            (72,43),
            (73,44),
            -- 6
			(131,59),
            (191,45),
            (192,46),
            (161,47),
            (21,48),
            (193,49),
            (194,50),
            -- 7
            (211,51),
            (212,52),
            (113,53),
            (213,54),
            (189,55),
            (214,56),
            (38,57),
            (215,58),
            (188,60),
            (107,61),
            (216,62),
            (37,63),
            (217,64),
            (218,65),
            -- 8
            (214,66),
            (219,67),
            (220,68),
            (221,69),
            (222,70),
            (223,71),
            (224,72),
            (37,73),
            (225,74),
            (null,75),
            (226,76),
            -- 9
            (227,77),
            (228,78),
            (229,79),
            (230,80),
            (231,81),
            (231,82),
            -- 10
            (43,83),
            (37,84),
            (38,85),
            (104,86),
            (105,87),
            (112,88),
            (36,89),
            (40,90),
            (108,91),
            (59,92),
            (108,93),
            (11,94),
            (224,95),
            (null,96),
            (null,97),
            -- 11-115
            (162,98),
            (163,99),
            (164,99),
            (115,100),
            (165,100),
            (165,101),
            (166,102),
            (167,103),
            (157,104),
            (9,105),
            (168,106),
            (169,107),
            (170,108),
            (171,109),
            (172,110),
            (173,111),
            (158,112),
            (174,113),
            (175,114),
            (176,115),
            -- llenado de keila
            (233, 116),
(234, 117),
(235, 118),
(89, 119),
(236, 120),
(87, 121),
(90, 122),
(237, 123),
(84, 124),
(238, 125), 
(22, 126),
(23, 127),
(24, 128),
(25, 129),
(26, 130),
(27, 131),
(28, 132),
(21, 133),
(29, 134),
(30, 135),
(22, 136),
(31, 137),
(31, 138),
(32, 139),
(32, 140),
(33, 141),
(34, 142),
(35, 143), 
(46, 144),
(39, 145),
(189, 146),
(37, 147),
(43, 148),
(52, 149),
(40, 150),
(Null, 151),
(1, 152),
(56, 153),
(56, 154),
(59, 155),
(Null, 156),
(Null, 157),
(Null, 158),
(59, 159),
(59, 160),
(62, 161), 
(1, 162),
(2, 163),
(3, 164),
(4, 165),
(5, 166),
(6, 167),
(7, 168),
(8, 169),
(9, 170),
(10, 171),
(Null, 172),
(2, 173), 
(11, 174),
(12, 175),
(188, 176),
(189, 177),
(13, 178),
(14, 179), 
(12, 180),
(36, 181),
(Null, 182),
(Null, 183),
(37, 184),
(38, 185),
(39, 186),
(188, 187),
(Null, 188),
(Null, 189),
(39, 190),
(37, 191),
(40, 192),
(Null, 193),
(41, 194),
(41, 195),
(104, 196),
(105, 197),
(106, 198),
(107, 199),
(108, 200),
(36, 201),
(44, 202),
(43, 203),
(38, 204),
(36, 205),
(113, 206),
(114, 207),
(115, 208),
(116, 209),
(117, 210),
(118, 211),
(119, 212),
(120, 213),
(53, 214),
(195, 215),
(121, 216),
(7, 217),
(122, 218),
(122, 219),
(123, 220),
(124, 221),
(7, 222),
(125, 223),
(126, 224),
(59, 225),
(42, 226),
(43, 227),
(12, 228),
(127, 229),
(128, 230),
(129, 231),
(130, 232),
(9, 233),
(9, 234),
(131, 235),
(132, 236),
(133, 237),
(34, 238),
(134, 239),
(135, 240),
(137, 241),
(138, 242),
(139, 243),
(null, 244),
(140, 245),
(135, 246),
(151, 247),
(136, 248),
(232, 249),
(152, 250),
(154, 251),
(155, 252),
(156, 253),
(157, 254),
(159, 255),
(160, 256),
(161, 257),
(178, 258),
(179, 259),
(180, 260),
(184, 261),
(181, 262),
(185, 263),
(182, 264),
(183, 265),
(186, 266),
(187, 267),
(190, 268),
(185, 269);


